{
"lengthUnit": "mil",
"components": {
	"fields": ["COMPONENT_NO", "COMPONENT_NAME", "LAYER", "X_COORDINATE", "Y_COORDINATE", "ANGLE"],
	"rows": [
		[1, "C1", "T", 2530, 2840, 0],
		[2, "C2", "T", 2525, 2946.31, 0],
		[3, "C3", "T", 1205, 3960, 90],
		[4, "C4", "T", 1205, 4150, 270],
		[5, "C5", "T", 2184.25, 3022.05, 180],
		[6, "C6", "T", 1861.1, 3022.05, 180],
		[7, "C7", "T", 1352.44, 3542.68, 180],
		[8, "C8", "T", 1352.44, 2884.41, 180],
		[9, "C9", "T", 2184.25, 3399.05, 0],
		[10, "CD", "T", 1845, 2760, 0],
		[11, "CD20", "T", 1845, 2305, 0],
		[12, "CN1", "T", 1050, 4055, 270],
		[13, "ODE", "T", 1060, 3220, 270],
		[14, "ODE20", "T", 620, 3220, 270],
		[15, "OUT", "T", 1845, 3670, 180],
		[16, "OUT20", "T", 1845, 4126.22, 180],
		[17, "R1", "T", 2525, 3053.15, 0],
		[18, "R2", "T", 2525, 3160.52, 0],
		[19, "R3", "T", 2525, 3267.89, 0],
		[20, "R4", "T", 2520, 3590, 0],
		[21, "R5", "T", 2520, 3482.63, 180],
		[22, "R6", "T", 2520, 3375.26, 180],
		[23, "U1", "T", 2035, 3210, 180],
		[24, "U2", "T", 1720, 3210, 180],
		[25, "U3", "T", 1350, 3365, 90],
		[26, "U4", "T", 1350, 3060, 90],
		[27, "U5", "T", 2320, 3210, 0],
		[28, "PAD1", "T", 2510, 2300, 0],
		[29, "PAD2", "T", 2515, 3760, 0],
		[30, "PAD3", "T", 2515, 3970, 0],
		[31, "PAD4", "T", 2505, 2705, 0],
		[32, "PAD5", "T", 2510, 2435, 0],
		[33, "PAD6", "T", 2420, 3590, 0],
		[34, "PAD7", "T", 2505, 2570, 0],
		[35, "PAD8", "T", 2515, 3865, 0]
	]
},
"pins": {
	"fields": ["PIN_NO", "PIN_NAME", "PIN_X", "PIN_Y", "LAYER", "PIN_TYPE", "NET_NAME", "NET_TYPE", "PAD_SHAPE", "PAD_SIZEX", "PAD_SIZEY", "HOLE_SIZE", "PAD_ANGLE"],
	"rows": [
		[1, "C1_1", 2490.63, 2840, "T", "SMD", "GND", "GND", "R", 55.51, 53.15, 0, 0],
		[2, "C1_2", 2569.37, 2840, "T", "SMD", "+5V", "", "R", 55.51, 53.15, 0, 0],
		[3, "C2_1", 2485.63, 2946.31, "T", "SMD", "GND", "GND", "R", 55.51, 53.15, 0, 0],
		[4, "C2_2", 2564.37, 2946.31, "T", "SMD", "+5V", "", "R", 55.51, 53.15, 0, 0],
		[5, "C3_1", 1205, 3920.63, "T", "SMD", "GND", "GND", "R", 55.51, 53.15, 0, 90],
		[6, "C3_2", 1205, 3999.37, "T", "SMD", "+5V", "", "R", 55.51, 53.15, 0, 90],
		[7, "C4_1", 1205, 4189.37, "T", "SMD", "GND", "GND", "R", 55.51, 53.15, 0, 270],
		[8, "C4_2", 1205, 4110.63, "T", "SMD", "+5V", "", "R", 55.51, 53.15, 0, 270],
		[9, "C5_1", 2211.81, 3022.05, "T", "SMD", "GND", "GND", "R", 31.5, 35.43, 0, 180],
		[10, "C5_2", 2156.69, 3022.05, "T", "SMD", "+5V", "", "R", 31.5, 35.43, 0, 180],
		[11, "C6_1", 1888.66, 3022.05, "T", "SMD", "GND", "GND", "R", 31.5, 35.43, 0, 180],
		[12, "C6_2", 1833.54, 3022.05, "T", "SMD", "+5V", "", "R", 31.5, 35.43, 0, 180],
		[13, "C7_1", 1380, 3542.68, "T", "SMD", "GND", "GND", "R", 31.5, 35.43, 0, 180],
		[14, "C7_2", 1324.88, 3542.68, "T", "SMD", "+5V", "", "R", 31.5, 35.43, 0, 180],
		[15, "C8_1", 1380, 2884.41, "T", "SMD", "GND", "GND", "R", 31.5, 35.43, 0, 180],
		[16, "C8_2", 1324.88, 2884.41, "T", "SMD", "+5V", "", "R", 31.5, 35.43, 0, 180],
		[17, "C9_1", 2156.69, 3399.05, "T", "SMD", "GND", "GND", "R", 31.5, 35.43, 0, 0],
		[18, "C9_2", 2211.81, 3399.05, "T", "SMD", "+5V", "", "R", 31.5, 35.43, 0, 0],
		[19, "CD_1", 1451.3, 2814.14, "T", "SMD", "$1N1209", "", "R", 23.62, 59.05, 0, 0],
		[20, "CD_2", 1490.67, 2814.14, "T", "SMD", "$1N11717", "", "R", 23.62, 59.05, 0, 0],
		[21, "CD_3", 1530.04, 2814.14, "T", "SMD", "$1N11722", "", "R", 23.62, 59.05, 0, 0],
		[22, "CD_4", 1569.41, 2814.14, "T", "SMD", "$1N1207", "", "R", 23.62, 59.05, 0, 0],
		[23, "CD_5", 1608.78, 2814.14, "T", "SMD", "$1N1224", "", "R", 23.62, 59.05, 0, 0],
		[24, "CD_6", 1648.15, 2814.14, "T", "SMD", "GND", "GND", "R", 23.62, 59.05, 0, 0],
		[25, "CD_7", 1687.52, 2814.14, "T", "SMD", "$1N1223", "", "R", 23.62, 59.05, 0, 0],
		[26, "CD_8", 1726.89, 2814.14, "T", "SMD", "$1N1222", "", "R", 23.62, 59.05, 0, 0],
		[27, "CD_9", 1766.26, 2814.14, "T", "SMD", "$1N1221", "", "R", 23.62, 59.05, 0, 0],
		[28, "CD_10", 1805.63, 2814.14, "T", "SMD", "GND", "GND", "R", 23.62, 59.05, 0, 0],
		[29, "CD_11", 1845, 2814.14, "T", "SMD", "$1N11218", "", "R", 23.62, 59.05, 0, 0],
		[30, "CD_12", 1884.37, 2814.14, "T", "SMD", "$1N1228", "", "R", 23.62, 59.05, 0, 0],
		[31, "CD_13", 1923.74, 2814.14, "T", "SMD", "$1N11786", "", "R", 23.62, 59.05, 0, 0],
		[32, "CD_14", 1963.11, 2814.14, "T", "SMD", "$1N11783", "", "R", 23.62, 59.05, 0, 0],
		[33, "CD_15", 2002.48, 2814.14, "T", "SMD", "$1N1229", "", "R", 23.62, 59.05, 0, 0],
		[34, "CD_16", 2041.85, 2814.14, "T", "SMD", "$1N1219", "", "R", 23.62, 59.05, 0, 0],
		[35, "CD_17", 2081.22, 2814.14, "T", "SMD", "$1N1218", "", "R", 23.62, 59.05, 0, 0],
		[36, "CD_18", 2120.59, 2814.14, "T", "SMD", "$1N1211", "", "R", 23.62, 59.05, 0, 0],
		[37, "CD_19", 2159.96, 2814.14, "T", "SMD", "$1N1210", "", "R", 23.62, 59.05, 0, 0],
		[38, "CD_20", 2199.33, 2814.14, "T", "SMD", "GND", "GND", "R", 23.62, 59.05, 0, 0],
		[39, "CD_21", 2238.7, 2814.14, "T", "SMD", "$1N2320", "", "R", 23.62, 59.05, 0, 0],
		[40, "CD_22", 2343.03, 2705.86, "T", "SMD", "GND", "GND", "R", 90.55, 118.11, 0, 0],
		[41, "CD_23", 1346.97, 2705.86, "T", "SMD", "GND", "GND", "R", 90.55, 118.11, 0, 0],
		[42, "CD20_1", 1470.98, 2359.14, "T", "SMD", "$1N11717", "", "R", 23.62, 59.05, 0, 0],
		[43, "CD20_2", 1510.35, 2359.14, "T", "SMD", "GND", "GND", "R", 23.62, 59.05, 0, 0],
		[44, "CD20_3", 1549.72, 2359.14, "T", "SMD", "$1N1207", "", "R", 23.62, 59.05, 0, 0],
		[45, "CD20_4", 1589.09, 2359.14, "T", "SMD", "$1N1224", "", "R", 23.62, 59.05, 0, 0],
		[46, "CD20_5", 1628.46, 2359.14, "T", "SMD", "$1N1223", "", "R", 23.62, 59.05, 0, 0],
		[47, "CD20_6", 1667.83, 2359.14, "T", "SMD", "$1N1222", "", "R", 23.62, 59.05, 0, 0],
		[48, "CD20_7", 1707.2, 2359.14, "T", "SMD", "GND", "GND", "R", 23.62, 59.05, 0, 0],
		[49, "CD20_8", 1746.57, 2359.14, "T", "SMD", "$1N1221", "", "R", 23.62, 59.05, 0, 0],
		[50, "CD20_9", 1785.94, 2359.14, "T", "SMD", "$1N1228", "", "R", 23.62, 59.05, 0, 0],
		[51, "CD20_10", 1825.31, 2359.14, "T", "SMD", "$1N11783", "", "R", 23.62, 59.05, 0, 0],
		[52, "CD20_11", 1864.68, 2359.14, "T", "SMD", "GND", "GND", "R", 23.62, 59.05, 0, 0],
		[53, "CD20_12", 1904.05, 2359.14, "T", "SMD", "$1N2320", "", "R", 23.62, 59.05, 0, 0],
		[54, "CD20_13", 1943.42, 2359.14, "T", "SMD", "GND", "GND", "R", 23.62, 59.05, 0, 0],
		[55, "CD20_14", 1982.79, 2359.14, "T", "SMD", "$1N1219", "", "R", 23.62, 59.05, 0, 0],
		[56, "CD20_15", 2022.16, 2359.14, "T", "SMD", "$1N1229", "", "R", 23.62, 59.05, 0, 0],
		[57, "CD20_16", 2061.53, 2359.14, "T", "SMD", "$1N1218", "", "R", 23.62, 59.05, 0, 0],
		[58, "CD20_17", 2100.9, 2359.14, "T", "SMD", "$1N1211", "", "R", 23.62, 59.05, 0, 0],
		[59, "CD20_18", 2140.27, 2359.14, "T", "SMD", "$1N1210", "", "R", 23.62, 59.05, 0, 0],
		[60, "CD20_19", 2179.64, 2359.14, "T", "SMD", "GND", "GND", "R", 23.62, 59.05, 0, 0],
		[61, "CD20_20", 2219.01, 2359.14, "T", "SMD", "$1N11218", "", "R", 23.62, 59.05, 0, 0],
		[62, "CD20_21", 2323.34, 2250.86, "T", "SMD", "GND", "GND", "R", 90.55, 102.36, 0, 0],
		[63, "CD20_22", 1366.65, 2250.86, "T", "SMD", "GND", "GND", "R", 90.55, 102.36, 0, 0],
		[64, "CN1_1", 1099.21, 4178.03, "T", "SMD", "$1N2015", "", "R", 27.56, 66.93, 0, 270],
		[65, "CN1_2", 1099.21, 4128.82, "T", "SMD", "$1N16153", "", "R", 27.56, 66.93, 0, 270],
		[66, "CN1_3", 1099.21, 4079.61, "T", "SMD", "GND", "GND", "R", 27.56, 66.93, 0, 270],
		[67, "CN1_4", 1099.21, 4030.39, "T", "SMD", "$1N16153", "", "R", 27.56, 66.93, 0, 270],
		[68, "CN1_5", 1099.21, 3981.18, "T", "SMD", "+5V", "", "R", 27.56, 66.93, 0, 270],
		[69, "CN1_6", 1099.21, 3931.97, "T", "SMD", "+5V", "", "R", 27.56, 66.93, 0, 270],
		[70, "CN1_7", 1000.79, 3835.51, "T", "SMD", "GND", "GND", "R", 70.87, 98.42, 0, 270],
		[71, "CN1_8", 1000.78, 4274.49, "T", "SMD", "GND", "GND", "R", 70.87, 98.42, 0, 270],
		[72, "ODE_1", 1114.14, 3613.7, "T", "SMD", "$1N49", "", "R", 23.62, 59.05, 0, 270],
		[73, "ODE_2", 1114.14, 3574.33, "T", "SMD", "$1N48", "", "R", 23.62, 59.05, 0, 270],
		[74, "ODE_3", 1114.14, 3534.96, "T", "SMD", "$1N40", "", "R", 23.62, 59.05, 0, 270],
		[75, "ODE_4", 1114.14, 3495.59, "T", "SMD", "$1N47", "", "R", 23.62, 59.05, 0, 270],
		[76, "ODE_5", 1114.13, 3456.22, "T", "SMD", "$1N46", "", "R", 23.62, 59.05, 0, 270],
		[77, "ODE_6", 1114.13, 3416.85, "T", "SMD", "GND", "GND", "R", 23.62, 59.05, 0, 270],
		[78, "ODE_7", 1114.13, 3377.48, "T", "SMD", "$1N45", "", "R", 23.62, 59.05, 0, 270],
		[79, "ODE_8", 1114.13, 3338.11, "T", "SMD", "$1N44", "", "R", 23.62, 59.05, 0, 270],
		[80, "ODE_9", 1114.13, 3298.74, "T", "SMD", "$1N43", "", "R", 23.62, 59.05, 0, 270],
		[81, "ODE_10", 1114.13, 3259.37, "T", "SMD", "GND", "GND", "R", 23.62, 59.05, 0, 270],
		[82, "ODE_11", 1114.13, 3220, "T", "SMD", "$1N11226", "", "R", 23.62, 59.05, 0, 270],
		[83, "ODE_12", 1114.13, 3180.63, "T", "SMD", "$1N17", "", "R", 23.62, 59.05, 0, 270],
		[84, "ODE_13", 1114.13, 3141.26, "T", "SMD", "$1N11822", "", "R", 23.62, 59.05, 0, 270],
		[85, "ODE_14", 1114.13, 3101.89, "T", "SMD", "$1N11819", "", "R", 23.62, 59.05, 0, 270],
		[86, "ODE_15", 1114.13, 3062.52, "T", "SMD", "$1N24", "", "R", 23.62, 59.05, 0, 270],
		[87, "ODE_16", 1114.13, 3023.15, "T", "SMD", "$1N20", "", "R", 23.62, 59.05, 0, 270],
		[88, "ODE_17", 1114.13, 2983.78, "T", "SMD", "$1N21", "", "R", 23.62, 59.05, 0, 270],
		[89, "ODE_18", 1114.13, 2944.41, "T", "SMD", "$1N23", "", "R", 23.62, 59.05, 0, 270],
		[90, "ODE_19", 1114.13, 2905.04, "T", "SMD", "$1N22", "", "R", 23.62, 59.05, 0, 270],
		[91, "ODE_20", 1114.13, 2865.67, "T", "SMD", "GND", "GND", "R", 23.62, 59.05, 0, 270],
		[92, "ODE_21", 1114.13, 2826.3, "T", "SMD", "$1N2335", "", "R", 23.62, 59.05, 0, 270],
		[93, "ODE_22", 1005.87, 2721.97, "T", "SMD", "GND", "GND", "R", 90.55, 118.11, 0, 270],
		[94, "ODE_23", 1005.87, 3718.03, "T", "SMD", "GND", "GND", "R", 90.55, 118.11, 0, 270],
		[95, "ODE20_1", 674.13, 3594.02, "T", "SMD", "$1N48", "", "R", 23.62, 59.05, 0, 270],
		[96, "ODE20_2", 674.13, 3554.65, "T", "SMD", "GND", "GND", "R", 23.62, 59.05, 0, 270],
		[97, "ODE20_3", 674.13, 3515.28, "T", "SMD", "$1N47", "", "R", 23.62, 59.05, 0, 270],
		[98, "ODE20_4", 674.13, 3475.91, "T", "SMD", "$1N46", "", "R", 23.62, 59.05, 0, 270],
		[99, "ODE20_5", 674.13, 3436.54, "T", "SMD", "$1N45", "", "R", 23.62, 59.05, 0, 270],
		[100, "ODE20_6", 674.13, 3397.17, "T", "SMD", "$1N44", "", "R", 23.62, 59.05, 0, 270],
		[101, "ODE20_7", 674.13, 3357.8, "T", "SMD", "GND", "GND", "R", 23.62, 59.05, 0, 270],
		[102, "ODE20_8", 674.13, 3318.43, "T", "SMD", "$1N43", "", "R", 23.62, 59.05, 0, 270],
		[103, "ODE20_9", 674.13, 3279.06, "T", "SMD", "$1N17", "", "R", 23.62, 59.05, 0, 270],
		[104, "ODE20_10", 674.13, 3239.69, "T", "SMD", "$1N11819", "", "R", 23.62, 59.05, 0, 270],
		[105, "ODE20_11", 674.13, 3200.32, "T", "SMD", "GND", "GND", "R", 23.62, 59.05, 0, 270],
		[106, "ODE20_12", 674.13, 3160.95, "T", "SMD", "$1N2335", "", "R", 23.62, 59.05, 0, 270],
		[107, "ODE20_13", 674.13, 3121.58, "T", "SMD", "GND", "GND", "R", 23.62, 59.05, 0, 270],
		[108, "ODE20_14", 674.13, 3082.21, "T", "SMD", "$1N20", "", "R", 23.62, 59.05, 0, 270],
		[109, "ODE20_15", 674.13, 3042.84, "T", "SMD", "$1N24", "", "R", 23.62, 59.05, 0, 270],
		[110, "ODE20_16", 674.13, 3003.47, "T", "SMD", "$1N21", "", "R", 23.62, 59.05, 0, 270],
		[111, "ODE20_17", 674.13, 2964.1, "T", "SMD", "$1N23", "", "R", 23.62, 59.05, 0, 270],
		[112, "ODE20_18", 674.13, 2924.73, "T", "SMD", "$1N22", "", "R", 23.62, 59.05, 0, 270],
		[113, "ODE20_19", 674.13, 2885.36, "T", "SMD", "GND", "GND", "R", 23.62, 59.05, 0, 270],
		[114, "ODE20_20", 674.13, 2845.99, "T", "SMD", "$1N11226", "", "R", 23.62, 59.05, 0, 270],
		[115, "ODE20_21", 565.87, 2741.66, "T", "SMD", "GND", "GND", "R", 90.55, 102.36, 0, 270],
		[116, "ODE20_22", 565.87, 3698.35, "T", "SMD", "GND", "GND", "R", 90.55, 102.36, 0, 270],
		[117, "OUT_1", 2238.7, 3615.86, "T", "SMD", "$1N6394", "", "R", 23.62, 59.05, 0, 180],
		[118, "OUT_2", 2199.33, 3615.86, "T", "SMD", "GND", "GND", "R", 23.62, 59.05, 0, 180],
		[119, "OUT_3", 2159.96, 3615.86, "T", "SMD", "$1N9", "", "R", 23.62, 59.05, 0, 180],
		[120, "OUT_4", 2120.59, 3615.86, "T", "SMD", "$1N10", "", "R", 23.62, 59.05, 0, 180],
		[121, "OUT_5", 2081.22, 3615.86, "T", "SMD", "$1N11", "", "R", 23.62, 59.05, 0, 180],
		[122, "OUT_6", 2041.85, 3615.86, "T", "SMD", "$1N12", "", "R", 23.62, 59.05, 0, 180],
		[123, "OUT_7", 2002.48, 3615.86, "T", "SMD", "$1N13", "", "R", 23.62, 59.05, 0, 180],
		[124, "OUT_8", 1963.11, 3615.86, "T", "SMD", "$1N14", "", "R", 23.62, 59.05, 0, 180],
		[125, "OUT_9", 1923.74, 3615.86, "T", "SMD", "$1N11842", "", "R", 23.62, 59.05, 0, 180],
		[126, "OUT_10", 1884.37, 3615.86, "T", "SMD", "$1N16", "", "R", 23.62, 59.05, 0, 180],
		[127, "OUT_11", 1845, 3615.86, "T", "SMD", "$1N11195", "", "R", 23.62, 59.05, 0, 180],
		[128, "OUT_12", 1805.63, 3615.86, "T", "SMD", "GND", "GND", "R", 23.62, 59.05, 0, 180],
		[129, "OUT_13", 1766.26, 3615.86, "T", "SMD", "$1N6421", "", "R", 23.62, 59.05, 0, 180],
		[130, "OUT_14", 1726.89, 3615.86, "T", "SMD", "$1N38", "", "R", 23.62, 59.05, 0, 180],
		[131, "OUT_15", 1687.52, 3615.86, "T", "SMD", "$1N37", "", "R", 23.62, 59.05, 0, 180],
		[132, "OUT_16", 1648.15, 3615.86, "T", "SMD", "GND", "GND", "R", 23.62, 59.05, 0, 180],
		[133, "OUT_17", 1608.78, 3615.86, "T", "SMD", "$1N36", "", "R", 23.62, 59.05, 0, 180],
		[134, "OUT_18", 1569.41, 3615.86, "T", "SMD", "$1N35", "", "R", 23.62, 59.05, 0, 180],
		[135, "OUT_19", 1530.04, 3615.86, "T", "SMD", "$1N11741", "", "R", 23.62, 59.05, 0, 180],
		[136, "OUT_20", 1490.67, 3615.86, "T", "SMD", "$1N34", "", "R", 23.62, 59.05, 0, 180],
		[137, "OUT_21", 1451.3, 3615.86, "T", "SMD", "$1N33", "", "R", 23.62, 59.05, 0, 180],
		[138, "OUT_22", 1346.97, 3724.14, "T", "SMD", "GND", "GND", "R", 90.55, 118.11, 0, 180],
		[139, "OUT_23", 2343.03, 3724.14, "T", "SMD", "GND", "GND", "R", 90.55, 118.11, 0, 180],
		[140, "OUT20_1", 2219.02, 4072.08, "T", "SMD", "$1N11195", "", "R", 23.62, 59.05, 0, 180],
		[141, "OUT20_2", 2179.65, 4072.08, "T", "SMD", "GND", "GND", "R", 23.62, 59.05, 0, 180],
		[142, "OUT20_3", 2140.28, 4072.08, "T", "SMD", "$1N9", "", "R", 23.62, 59.05, 0, 180],
		[143, "OUT20_4", 2100.91, 4072.08, "T", "SMD", "$1N10", "", "R", 23.62, 59.05, 0, 180],
		[144, "OUT20_5", 2061.54, 4072.08, "T", "SMD", "$1N11", "", "R", 23.62, 59.05, 0, 180],
		[145, "OUT20_6", 2022.17, 4072.08, "T", "SMD", "$1N13", "", "R", 23.62, 59.05, 0, 180],
		[146, "OUT20_7", 1982.8, 4072.08, "T", "SMD", "$1N12", "", "R", 23.62, 59.05, 0, 180],
		[147, "OUT20_8", 1943.43, 4072.08, "T", "SMD", "GND", "GND", "R", 23.62, 59.05, 0, 180],
		[148, "OUT20_9", 1904.06, 4072.08, "T", "SMD", "$1N6394", "", "R", 23.62, 59.05, 0, 180],
		[149, "OUT20_10", 1864.69, 4072.08, "T", "SMD", "GND", "GND", "R", 23.62, 59.05, 0, 180],
		[150, "OUT20_11", 1825.32, 4072.08, "T", "SMD", "$1N14", "", "R", 23.62, 59.05, 0, 180],
		[151, "OUT20_12", 1785.95, 4072.08, "T", "SMD", "$1N16", "", "R", 23.62, 59.05, 0, 180],
		[152, "OUT20_13", 1746.58, 4072.08, "T", "SMD", "$1N6421", "", "R", 23.62, 59.05, 0, 180],
		[153, "OUT20_14", 1707.21, 4072.08, "T", "SMD", "GND", "GND", "R", 23.62, 59.05, 0, 180],
		[154, "OUT20_15", 1667.84, 4072.08, "T", "SMD", "$1N38", "", "R", 23.62, 59.05, 0, 180],
		[155, "OUT20_16", 1628.47, 4072.08, "T", "SMD", "$1N37", "", "R", 23.62, 59.05, 0, 180],
		[156, "OUT20_17", 1589.1, 4072.08, "T", "SMD", "$1N36", "", "R", 23.62, 59.05, 0, 180],
		[157, "OUT20_18", 1549.73, 4072.08, "T", "SMD", "$1N35", "", "R", 23.62, 59.05, 0, 180],
		[158, "OUT20_19", 1510.36, 4072.08, "T", "SMD", "GND", "GND", "R", 23.62, 59.05, 0, 180],
		[159, "OUT20_20", 1470.99, 4072.08, "T", "SMD", "$1N34", "", "R", 23.62, 59.05, 0, 180],
		[160, "OUT20_21", 1366.66, 4180.35, "T", "SMD", "GND", "GND", "R", 90.55, 102.36, 0, 180],
		[161, "OUT20_22", 2323.35, 4180.35, "T", "SMD", "GND", "GND", "R", 90.55, 102.36, 0, 180],
		[162, "R1_1", 2485.63, 3053.15, "T", "SMD", "$1N57", "", "R", 44.59, 54.21, 0, 0],
		[163, "R1_2", 2564.37, 3053.15, "T", "SMD", "+5V", "", "R", 44.59, 54.21, 0, 0],
		[164, "R2_1", 2485.63, 3160.52, "T", "SMD", "$1N60", "", "R", 44.59, 54.21, 0, 0],
		[165, "R2_2", 2564.37, 3160.52, "T", "SMD", "+5V", "", "R", 44.59, 54.21, 0, 0],
		[166, "R3_1", 2485.63, 3267.89, "T", "SMD", "$1N2015", "", "R", 44.59, 54.21, 0, 0],
		[167, "R3_2", 2564.37, 3267.89, "T", "SMD", "+5V", "", "R", 44.59, 54.21, 0, 0],
		[168, "R4_1", 2480.63, 3590, "T", "SMD", "R4_1", "", "R", 44.59, 54.21, 0, 0],
		[169, "R4_2", 2559.37, 3590, "T", "SMD", "$1N11786", "", "R", 44.59, 54.21, 0, 0],
		[170, "R5_1", 2559.37, 3482.63, "T", "SMD", "GND", "GND", "R", 44.59, 54.21, 0, 180],
		[171, "R5_2", 2480.63, 3482.63, "T", "SMD", "$1N11218", "", "R", 44.59, 54.21, 0, 180],
		[172, "R6_1", 2559.37, 3375.26, "T", "SMD", "GND", "GND", "R", 44.59, 54.21, 0, 180],
		[173, "R6_2", 2480.63, 3375.26, "T", "SMD", "$1N11226", "", "R", 44.59, 54.21, 0, 180],
		[174, "U1_1", 2150.16, 3323.03, "T", "SMD", "GND", "GND", "O", 14.33, 68.58, 0, 180],
		[175, "U1_2", 2124.57, 3323.03, "T", "SMD", "$1N9", "", "O", 14.33, 68.58, 0, 180],
		[176, "U1_3", 2098.98, 3323.03, "T", "SMD", "$1N1211", "", "O", 14.33, 68.58, 0, 180],
		[177, "U1_4", 2073.39, 3323.03, "T", "SMD", "$1N11", "", "O", 14.33, 68.58, 0, 180],
		[178, "U1_5", 2047.79, 3323.03, "T", "SMD", "$1N12", "", "O", 14.33, 68.58, 0, 180],
		[179, "U1_6", 2022.2, 3323.03, "T", "SMD", "$1N1229", "", "O", 14.33, 68.58, 0, 180],
		[180, "U1_7", 1996.61, 3323.03, "T", "SMD", "$1N14", "", "O", 14.33, 68.58, 0, 180],
		[181, "U1_8", 1971.02, 3323.03, "T", "SMD", "$1N11842", "", "O", 14.33, 68.58, 0, 180],
		[182, "U1_9", 1945.43, 3323.03, "T", "SMD", "$1N16", "", "O", 14.33, 68.58, 0, 180],
		[183, "U1_10", 1919.84, 3323.03, "T", "SMD", "GND", "GND", "O", 14.33, 68.58, 0, 180],
		[184, "U1_11", 1919.84, 3096.97, "T", "SMD", "$1N1228", "", "O", 14.33, 68.58, 0, 180],
		[185, "U1_12", 1945.43, 3096.97, "T", "SMD", "$1N11786", "", "O", 14.33, 68.58, 0, 180],
		[186, "U1_13", 1971.02, 3096.97, "T", "SMD", "$1N11783", "", "O", 14.33, 68.58, 0, 180],
		[187, "U1_14", 1996.61, 3096.97, "T", "SMD", "$1N13", "", "O", 14.33, 68.58, 0, 180],
		[188, "U1_15", 2022.2, 3096.97, "T", "SMD", "$1N1219", "", "O", 14.33, 68.58, 0, 180],
		[189, "U1_16", 2047.79, 3096.97, "T", "SMD", "$1N1218", "", "O", 14.33, 68.58, 0, 180],
		[190, "U1_17", 2073.39, 3096.97, "T", "SMD", "$1N10", "", "O", 14.33, 68.58, 0, 180],
		[191, "U1_18", 2098.98, 3096.97, "T", "SMD", "$1N1210", "", "O", 14.33, 68.58, 0, 180],
		[192, "U1_19", 2124.57, 3096.97, "T", "SMD", "$1N60", "", "O", 14.33, 68.58, 0, 180],
		[193, "U1_20", 2150.16, 3096.97, "T", "SMD", "+5V", "", "O", 14.33, 68.58, 0, 180],
		[194, "U2_1", 1835.16, 3323.03, "T", "SMD", "GND", "GND", "O", 14.33, 68.58, 0, 180],
		[195, "U2_2", 1809.57, 3323.03, "T", "SMD", "$1N6421", "", "O", 14.33, 68.58, 0, 180],
		[196, "U2_3", 1783.98, 3323.03, "T", "SMD", "$1N38", "", "O", 14.33, 68.58, 0, 180],
		[197, "U2_4", 1758.39, 3323.03, "T", "SMD", "$1N37", "", "O", 14.33, 68.58, 0, 180],
		[198, "U2_5", 1732.79, 3323.03, "T", "SMD", "$1N36", "", "O", 14.33, 68.58, 0, 180],
		[199, "U2_6", 1707.2, 3323.03, "T", "SMD", "$1N35", "", "O", 14.33, 68.58, 0, 180],
		[200, "U2_7", 1681.61, 3323.03, "T", "SMD", "$1N11722", "", "O", 14.33, 68.58, 0, 180],
		[201, "U2_8", 1656.02, 3323.03, "T", "SMD", "$1N34", "", "O", 14.33, 68.58, 0, 180],
		[202, "U2_9", 1630.43, 3323.03, "T", "SMD", "$1N33", "", "O", 14.33, 68.58, 0, 180],
		[203, "U2_10", 1604.84, 3323.03, "T", "SMD", "GND", "GND", "O", 14.33, 68.58, 0, 180],
		[204, "U2_11", 1604.84, 3096.97, "T", "SMD", "$1N1209", "", "O", 14.33, 68.58, 0, 180],
		[205, "U2_12", 1630.43, 3096.97, "T", "SMD", "$1N11717", "", "O", 14.33, 68.58, 0, 180],
		[206, "U2_13", 1656.02, 3096.97, "T", "SMD", "$1N11741", "", "O", 14.33, 68.58, 0, 180],
		[207, "U2_14", 1681.61, 3096.97, "T", "SMD", "$1N1207", "", "O", 14.33, 68.58, 0, 180],
		[208, "U2_15", 1707.2, 3096.97, "T", "SMD", "$1N1224", "", "O", 14.33, 68.58, 0, 180],
		[209, "U2_16", 1732.79, 3096.97, "T", "SMD", "$1N1223", "", "O", 14.33, 68.58, 0, 180],
		[210, "U2_17", 1758.39, 3096.97, "T", "SMD", "$1N1222", "", "O", 14.33, 68.58, 0, 180],
		[211, "U2_18", 1783.98, 3096.97, "T", "SMD", "$1N1221", "", "O", 14.33, 68.58, 0, 180],
		[212, "U2_19", 1809.57, 3096.97, "T", "SMD", "$1N60", "", "O", 14.33, 68.58, 0, 180],
		[213, "U2_20", 1835.16, 3096.97, "T", "SMD", "+5V", "", "O", 14.33, 68.58, 0, 180],
		[214, "U3_1", 1463.03, 3249.84, "T", "SMD", "GND", "GND", "O", 14.33, 68.58, 0, 90],
		[215, "U3_2", 1463.03, 3275.43, "T", "SMD", "$1N6421", "", "O", 14.33, 68.58, 0, 90],
		[216, "U3_3", 1463.03, 3301.02, "T", "SMD", "$1N38", "", "O", 14.33, 68.58, 0, 90],
		[217, "U3_4", 1463.03, 3326.61, "T", "SMD", "$1N37", "", "O", 14.33, 68.58, 0, 90],
		[218, "U3_5", 1463.03, 3352.21, "T", "SMD", "$1N36", "", "O", 14.33, 68.58, 0, 90],
		[219, "U3_6", 1463.03, 3377.8, "T", "SMD", "$1N35", "", "O", 14.33, 68.58, 0, 90],
		[220, "U3_7", 1463.03, 3403.39, "T", "SMD", "$1N40", "", "O", 14.33, 68.58, 0, 90],
		[221, "U3_8", 1463.03, 3428.98, "T", "SMD", "$1N34", "", "O", 14.33, 68.58, 0, 90],
		[222, "U3_9", 1463.03, 3454.57, "T", "SMD", "$1N33", "", "O", 14.33, 68.58, 0, 90],
		[223, "U3_10", 1463.03, 3480.16, "T", "SMD", "GND", "GND", "O", 14.33, 68.58, 0, 90],
		[224, "U3_11", 1236.97, 3480.16, "T", "SMD", "$1N49", "", "O", 14.33, 68.58, 0, 90],
		[225, "U3_12", 1236.97, 3454.57, "T", "SMD", "$1N48", "", "O", 14.33, 68.58, 0, 90],
		[226, "U3_13", 1236.97, 3428.98, "T", "SMD", "$1N11741", "", "O", 14.33, 68.58, 0, 90],
		[227, "U3_14", 1236.97, 3403.39, "T", "SMD", "$1N47", "", "O", 14.33, 68.58, 0, 90],
		[228, "U3_15", 1236.97, 3377.8, "T", "SMD", "$1N46", "", "O", 14.33, 68.58, 0, 90],
		[229, "U3_16", 1236.97, 3352.21, "T", "SMD", "$1N45", "", "O", 14.33, 68.58, 0, 90],
		[230, "U3_17", 1236.97, 3326.61, "T", "SMD", "$1N44", "", "O", 14.33, 68.58, 0, 90],
		[231, "U3_18", 1236.97, 3301.02, "T", "SMD", "$1N43", "", "O", 14.33, 68.58, 0, 90],
		[232, "U3_19", 1236.97, 3275.43, "T", "SMD", "$1N57", "", "O", 14.33, 68.58, 0, 90],
		[233, "U3_20", 1236.97, 3249.84, "T", "SMD", "+5V", "", "O", 14.33, 68.58, 0, 90],
		[234, "U4_1", 1463.03, 2944.84, "T", "SMD", "GND", "GND", "O", 14.33, 68.58, 0, 90],
		[235, "U4_2", 1463.03, 2970.43, "T", "SMD", "$1N9", "", "O", 14.33, 68.58, 0, 90],
		[236, "U4_3", 1463.03, 2996.02, "T", "SMD", "$1N23", "", "O", 14.33, 68.58, 0, 90],
		[237, "U4_4", 1463.03, 3021.61, "T", "SMD", "$1N11", "", "O", 14.33, 68.58, 0, 90],
		[238, "U4_5", 1463.03, 3047.21, "T", "SMD", "$1N12", "", "O", 14.33, 68.58, 0, 90],
		[239, "U4_6", 1463.03, 3072.8, "T", "SMD", "$1N24", "", "O", 14.33, 68.58, 0, 90],
		[240, "U4_7", 1463.03, 3098.39, "T", "SMD", "$1N14", "", "O", 14.33, 68.58, 0, 90],
		[241, "U4_8", 1463.03, 3123.98, "T", "SMD", "$1N11842", "", "O", 14.33, 68.58, 0, 90],
		[242, "U4_9", 1463.03, 3149.57, "T", "SMD", "$1N16", "", "O", 14.33, 68.58, 0, 90],
		[243, "U4_10", 1463.03, 3175.16, "T", "SMD", "GND", "GND", "O", 14.33, 68.58, 0, 90],
		[244, "U4_11", 1236.97, 3175.16, "T", "SMD", "$1N17", "", "O", 14.33, 68.58, 0, 90],
		[245, "U4_12", 1236.97, 3149.57, "T", "SMD", "$1N11822", "", "O", 14.33, 68.58, 0, 90],
		[246, "U4_13", 1236.97, 3123.98, "T", "SMD", "$1N11819", "", "O", 14.33, 68.58, 0, 90],
		[247, "U4_14", 1236.97, 3098.39, "T", "SMD", "$1N13", "", "O", 14.33, 68.58, 0, 90],
		[248, "U4_15", 1236.97, 3072.8, "T", "SMD", "$1N20", "", "O", 14.33, 68.58, 0, 90],
		[249, "U4_16", 1236.97, 3047.21, "T", "SMD", "$1N21", "", "O", 14.33, 68.58, 0, 90],
		[250, "U4_17", 1236.97, 3021.61, "T", "SMD", "$1N10", "", "O", 14.33, 68.58, 0, 90],
		[251, "U4_18", 1236.97, 2996.02, "T", "SMD", "$1N22", "", "O", 14.33, 68.58, 0, 90],
		[252, "U4_19", 1236.97, 2970.43, "T", "SMD", "$1N57", "", "O", 14.33, 68.58, 0, 90],
		[253, "U4_20", 1236.97, 2944.84, "T", "SMD", "+5V", "", "O", 14.33, 68.58, 0, 90],
		[254, "U5_1", 2230.43, 3100.55, "T", "SMD", "$1N2320", "", "R", 14.33, 61.42, 0, 0],
		[255, "U5_2", 2256.02, 3100.55, "T", "SMD", "$1N2335", "", "R", 14.33, 61.42, 0, 0],
		[256, "U5_3", 2281.61, 3100.55, "T", "SMD", "$1N60", "", "R", 14.33, 61.42, 0, 0],
		[257, "U5_4", 2307.2, 3100.55, "T", "SMD", "GND", "GND", "R", 14.33, 61.42, 0, 0],
		[258, "U5_5", 2332.8, 3100.55, "T", "SMD", "$1N57", "", "R", 14.33, 61.42, 0, 0],
		[259, "U5_6", 2358.39, 3100.55, "T", "SMD", "GND", "GND", "R", 14.33, 61.42, 0, 0],
		[260, "U5_7", 2383.98, 3100.55, "T", "SMD", "GND", "GND", "R", 14.33, 61.42, 0, 0],
		[261, "U5_8", 2409.57, 3100.55, "T", "SMD", "GND", "GND", "R", 14.33, 61.42, 0, 0],
		[262, "U5_9", 2409.57, 3319.45, "T", "SMD", "$1N2015", "", "R", 14.33, 61.42, 0, 0],
		[263, "U5_10", 2383.98, 3319.45, "T", "SMD", "$1N2015", "", "R", 14.33, 61.42, 0, 0],
		[264, "U5_11", 2358.39, 3319.45, "T", "SMD", "$1N2015", "", "R", 14.33, 61.42, 0, 0],
		[265, "U5_12", 2332.8, 3319.45, "T", "SMD", "$1N11226", "", "R", 14.33, 61.42, 0, 0],
		[266, "U5_13", 2307.2, 3319.45, "T", "SMD", "$1N11218", "", "R", 14.33, 61.42, 0, 0],
		[267, "U5_14", 2281.61, 3319.45, "T", "SMD", "$1N11195", "", "R", 14.33, 61.42, 0, 0],
		[268, "U5_15", 2256.02, 3319.45, "T", "SMD", "$1N6394", "", "R", 14.33, 61.42, 0, 0],
		[269, "U5_16", 2230.43, 3319.45, "T", "SMD", "+5V", "", "R", 14.33, 61.42, 0, 0],
		[270, "PAD1_1", 2510, 2300, "T", "SMD", "+5V", "", "R", 118.11, 118.11, 0, 0],
		[271, "PAD2_1", 2515, 3760, "T", "SMD", "GND", "GND", "R", 118.11, 78.74, 0, 0],
		[272, "PAD3_1", 2515, 3970, "T", "SMD", "$1N2015", "", "R", 118.11, 78.74, 0, 180],
		[273, "PAD4_1", 2505, 2705, "T", "SMD", "GND", "GND", "R", 118.11, 98.43, 0, 0],
		[274, "PAD5_1", 2510, 2435, "T", "SMD", "+5V", "", "R", 118.11, 98.43, 0, 0],
		[275, "PAD6_1", 2420, 3590, "T", "SMD", "GND", "GND", "R", 39.37, 60, 0, 0],
		[276, "PAD7_1", 2505, 2570, "T", "SMD", "$1N16153", "", "R", 118.11, 98.43, 0, 0],
		[277, "PAD8_1", 2515, 3865, "T", "SMD", "$1N16153", "", "R", 118.11, 78.74, 0, 0]
	]
}
}